{
    "Benign": {
        "precision": 0.6254728877679697,
        "recall": 0.992,
        "f1-score": 0.7672080433101315,
        "support": 1000.0
    },
    "Malignant": {
        "precision": 0.9806763285024155,
        "recall": 0.406,
        "f1-score": 0.5742574257425742,
        "support": 1000.0
    },
    "accuracy": 0.699,
    "macro avg": {
        "precision": 0.8030746081351926,
        "recall": 0.6990000000000001,
        "f1-score": 0.6707327345263528,
        "support": 2000.0
    },
    "weighted avg": {
        "precision": 0.8030746081351926,
        "recall": 0.699,
        "f1-score": 0.670732734526353,
        "support": 2000.0
    }
}