{
    "accuracy": 0.9024999737739563,
    "precision": 0.9418221712112427,
    "recall": 0.8579999804496765,
    "auc": 0.9767264127731323,
    "loss": 0.2198716402053833
}